{"dbGKxpe0qZUPLPoQ2bMD7w==":"logo%20grande-96x30.jpg","m1xkCod6PRE6lrrLVEUwCA==":"sobre%20nos-2155x662.png","577cUcifWVP2A2/EAcrVew==":"logo%20alta%20resolu%C3%A7%C3%A3o%20fundo%20transparente-307x61.png","xU/S62UwBjZJwcUjmHy2DA==":"dall%C2%B7e%202024-09-07%2014.53.00%20-%20a%20technology-themed%20image%20emphasizing%20software%20and%20digital%20services.%20the%20image%20includes%20icons%20and%20visuals%20representing%20software%20development,%20cloud%20com.webp","eJWAwZFlu2qUoFrwDhr1kg==":"dall%C2%B7e%202024-09-07%2014.53.00%20-%20a%20technology-themed%20image%20emphasizing%20software%20and%20digital%20services.%20the%20image%20includes%20icons%20and%20visuals%20representing%20software%20development,%20cloud%20com-1792x1024.png","Ca1SQdJ5WBPfWcojC0SS1g==":"mbr-1920x1152.jpg","x8hR6j83D7/fWOLTGqZk0g==":"mbr-1920x960.jpg","HqSgtyEqSEIwE+loLW5xCw==":"fundo%20solucoes-1792x1024.png","P6IiBtnol1xHToqw3wq/FQ==":"sobre%20n%C3%B3s-1395x785.png","1Z26AXO+6d+kSg94miR6qQ==":"solu%C3%A7%C3%B5es-2515x553.png","Lp0x2fL5it38S3Z44DwDrg==":"solu%C3%A7%C3%B5es-1812x398.png","SntEpVIWVXwXQjyhdKwYvg==":"pilares-2438x987.png"}